# -------------------------------------------------------
# Redirects — bvswebdesign.co.uk
# Netlify processes top-to-bottom; first match wins.
# -------------------------------------------------------

# Old service pages
/web-design-and-development/          /services/web-design/                301!
/web-content-and-marketing/           /services/digital-marketing-and-seo/ 301!
/shopify-design-and-development/      /services/web-development/            301!
/shopify-design-and-development       /services/web-development/            301!
/seo-services/                        /services/digital-marketing-and-seo/ 301!
/wordpress-design-and-development/    /services/web-design/                301!
/web-hosting-and-email/               /services/hosting-and-email/          301!
/services/service-03/                 /portfolio/                           301!
/services/service-04/                 /services/                            301!
/services/wordpress/                  /services/website-design/             301!
/services/wordpress-website-design/   /services/website-design/             301!
/services/seo/                        /services/digital-marketing-and-seo/ 301!
/services/hosting/                    /services/hosting-and-email/          301!

# Old portfolio / projects URLs
/projects/rebecca-rennolds-permanent-beauty-and-laser/ /portfolio/rebecca-rennolds-permanent-beauty-and-laser/ 301!
/projects/maidens-and-ravens/          /portfolio/maidens-and-ravens/        301!
/projects/the-coach-house-skipton/     /portfolio/the-coach-house-skipton/   301!
/projects/antler-interiors/            /portfolio/antler-interiors/          301!
/projects/the-yorkshire-unicorn/       /portfolio/the-yorkshire-unicorn/     301!
/projects/home-start-skipton/          /portfolio/                           301!
/projects/home-start/                  /portfolio/                           301!
/projects/ilkley-dental-care/          /portfolio/ilkley-dental-care/        301!
/projects/                             /portfolio/                           301!
/portfolio/home-start-skipton/         /portfolio/                           301!
/portfolio/home-start/                 /portfolio/                           301!
/case-studies/                         /portfolio/                           301!
/case-studies/*                        /portfolio/                           301!
/work/                                 /portfolio/                           301!
/work/*                                /portfolio/                           301!
/our-work/                             /portfolio/                           301!
/our-work/*                            /portfolio/                           301!

# Old articles → blog
/articles/the-5-biggest-mistakes-small-business-owners-make-with-their-websites/   /blog/the-5-biggest-mistakes-small-business-owners-make-with-their-websites/ 301!
/articles/the-5-biggest-mistakes-small-business-owners-make-with-their-websites    /blog/the-5-biggest-mistakes-small-business-owners-make-with-their-websites/ 301!
/articles/why-your-business-website-needs-a-care-plan-and-what-happens-without-one/ /blog/why-your-business-website-needs-a-care-plan-and-what-happens-without-one/ 301!
/articles/when-should-you-update-or-invest-in-a-new-website/  /blog/when-should-you-update-or-invest-in-a-new-website/ 301!
/articles/when-should-you-update-or-invest-in-a-new-website   /blog/when-should-you-update-or-invest-in-a-new-website/ 301!
/articles/5-essential-tips-for-building-a-successful-small-business-website/ /blog/5-essential-tips-for-building-a-successful-small-business-website/ 301!
/articles/the-importance-of-discovery-for-your-new-website/   /blog/                                                  301!
/articles/your-website-is-more-than-a-tool-it-s-a-statement   /blog/                                                  301!
/articles/how-to-display-your-blogs-in-social-media/          /blog/                                                  301!
/articles/building-a-scheduling-app-in-laravel-9-part-1/      /blog/                                                  301!
/articles/setting-up-email-in-windows-mail-app/               /blog/                                                  301!
/articles/3-ways-to-master-woocommerce-without-breaking-a-sweat/ /blog/                                               301!
/articles/astro-the-modern-static-site-builder-a-deep-dive-comparisons-and-practical-api-integrations/ /blog/         301!
/articles/amending-the-position-of-the-google-pay-and-apple-pay-buttons-in-woocommerce/ /blog/                        301!
/blog/amending-the-position-of-the-google-pay-and-apple-pay-buttons-in-woocommerce/ /blog/                            301!
/articles/                                                     /blog/                                                  301!

# Blog typo fix
/blog/what-to-do-when-my-website-deisgner-scams-me/ /blog/what-to-do-when-my-website-designer-scams-me/ 301!

# Old coverage area pages
/coverage/wordpress-web-design-barnoldswick/  /services/web-design/ 301!
/coverage/wordpress-web-design-gargrave/      /services/web-design/ 301!
/coverage/wordpress-web-design-skipton/       /services/web-design/ 301!
/coverage/wordpress-web-design-ilkley/        /services/web-design/ 301!
/coverage/wordpress-web-design-otley/         /services/web-design/ 301!
/coverage/wordpress-web-design-york/          /services/web-design/ 301!
/coverage/wordpress-web-design-west-yorkshire/ /services/web-design/ 301!
/coverage/                                    /                     301!

# Legal pages
/privacy/                             /privacy-policy/              301!
/terms/                               /terms-conditions/            301!
/terms                                /terms-conditions/            301!
/terms-conditions/privacy-policy.md   /privacy-policy/             301!

# Common URL guesses
/team/           /about/    301!
/our-team/       /about/    301!
/testimonials/   /          301!
/reviews/        /          301!
/faq/            /contact/  301!
/faqs/           /contact/  301!
/pricing/        /services/ 301!
/packages/       /services/ 301!
/news/           /blog/     301!
/careers/        /contact/  301!
/jobs/           /contact/  301!
